#{"t_start": 1734091500.8558912, "env_id": "hurry_taxi/TaxiGrid-v0"}
r,l,t
-4125.0,5000,23.100513
-3988.0,5000,46.292335
-3847.0,5000,71.834123
-3736.0,5000,94.027677
-3645.0,5000,119.068933
